{"cameraMode":{"drawMode":0,"name":"Shaded","section":"Shading Mode"},"sceneLighting":true,"audioPlay":false,"sceneViewState":{"m_AlwaysRefresh":false,"showFog":true,"showSkybox":true,"showFlares":true,"showImageEffects":true,"showParticleSystems":true,"showVisualEffectGraphs":true,"m_FxEnabled":true},"in2DMode":false,"pivot":{"x":8.749089241027832,"y":1.5239458084106446,"z":4.994909763336182},"rotation":{"x":-0.30725938081741335,"y":-0.004304264672100544,"z":0.0014182411832734943,"w":-0.9516403079032898},"size":1.1003246307373047,"orthographic":false}