{"cameraMode":{"drawMode":0,"name":"Shaded","section":"Shading Mode"},"sceneLighting":true,"audioPlay":false,"sceneViewState":{"m_AlwaysRefresh":false,"showFog":true,"showSkybox":true,"showFlares":true,"showImageEffects":true,"showParticleSystems":true,"showVisualEffectGraphs":true,"m_FxEnabled":true},"in2DMode":false,"pivot":{"x":0.20386256277561189,"y":-0.2840062081813812,"z":0.35255464911460879},"rotation":{"x":0.13912798464298249,"y":0.7834911346435547,"z":-0.18950088322162629,"w":0.5752260088920593},"size":1.5487055778503419,"orthographic":false}