{"cameraMode":{"drawMode":0,"name":"Shaded","section":"Shading Mode"},"sceneLighting":false,"audioPlay":false,"sceneViewState":{"m_AlwaysRefresh":false,"showFog":true,"showSkybox":false,"showFlares":true,"showImageEffects":true,"showParticleSystems":true,"showVisualEffectGraphs":true,"m_FxEnabled":true},"in2DMode":false,"pivot":{"x":-0.9055172801017761,"y":0.6462588310241699,"z":-0.1566493958234787},"rotation":{"x":-0.22509409487247468,"y":-0.6810248494148254,"z":0.23351405560970307,"w":-0.6565250158309937},"size":0.12247452884912491,"orthographic":false}