{"cameraMode":{"drawMode":0,"name":"Shaded","section":"Shading Mode"},"sceneLighting":false,"audioPlay":false,"sceneViewState":{"m_AlwaysRefresh":false,"showFog":true,"showSkybox":false,"showFlares":true,"showImageEffects":true,"showParticleSystems":true,"showVisualEffectGraphs":true,"m_FxEnabled":true},"in2DMode":false,"pivot":{"x":0.12692475318908692,"y":0.10984420776367188,"z":-0.19975042343139649},"rotation":{"x":-0.03915050998330116,"y":-0.87404465675354,"z":0.4789801836013794,"w":-0.07146751880645752},"size":0.6928203105926514,"orthographic":false}